Date,"APU0000708111 - Eggs, grade A, large, per doz.","APU0000713111 - Orange juice, frozen concentrate, 12 oz. can, per 16 oz. (473.2 ml)","APU00007471A - Gasoline, all types, per gallon/3.785 liters","APU000074714 - Gasoline, unleaded regular, per gallon/3.785 liters","APU000074716 - Gasoline, unleaded premium, per gallon/3.785 liters","APU000074715 - Gasoline, unleaded midgrade, per gallon/3.785 liters","APU000074717 - Automotive diesel fuel, per gallon/3.785 liters","APU0000715211 - Sugar, white, all sizes, per lb. (453.6 gm)",APU000072511 - Fuel oil #2 per gallon (3.785 liters),"APU0000702421 - Cookies, chocolate chip, per lb. (453.6 gm)","APU0000FN1102 - All soft drinks, 12 pk, 12 oz., cans, per 12 oz. (354.9 ml)","APU0000FJ4101 - Yogurt, per 8 oz. (226.8 gm)","APU0000718311 - Potato chips, per 16 oz.","APU0000FN1101 - All soft drinks, per 2 liters (67.6 oz)","APU0000FD2101 - All Ham (Excluding Canned Ham and Luncheon Slices), per lb. (453.6 gm)","APU0000717311 - Coffee, 100%, ground roast, all sizes, per lb. (453.6 gm)","APU0000FC3101 - All Uncooked Beef Steaks, per lb. (453.6 gm)","APU0000703112 - Ground beef, 100% beef, per lb. (453.6 gm)","APU0000703213 - Chuck roast, USDA Choice, boneless, per lb. (453.6 gm)",APU000072610 - Electricity per KWH,"APU0000701111 - Flour, white, all purpose, per lb. (453.6 gm)","APU0000703311 - Round roast, USDA Choice, boneless, per lb. (453.6 gm)","APU0000702111 - Bread, white, pan, per lb. (453.6 gm)","APU0000FC2101 - All Uncooked Beef Roasts, per lb. (453.6 gm)","APU0000703511 - Steak, round, USDA Choice, boneless, per lb. (453.6 gm)","APU0000702212 - Bread, whole wheat, pan, per lb. (453.6 gm)","APU0000703613 - Steak, sirloin, USDA Choice, boneless, per lb. (453.6 gm)","APU0000FF1101 - Chicken breast, boneless, per lb. (453.6 gm)","APU0000706111 - Chicken, fresh, whole, per lb. (453.6 gm)","APU0000701312 - Rice, white, long grain, uncooked, per lb. (453.6 gm)","APU0000FS1101 - Butter, stick, per lb. (453.6 gm)","APU0000FC4101 - All Uncooked Other Beef (Excluding Veal), per lb. (453.6 gm)","APU0000FD4101 - All Other Pork (Excluding Canned Ham and Luncheon Slices), per lb. (453.6 gm)","APU0000703111 - Ground chuck, 100% beef, per lb. (453.6 gm)","APU0000FC1101 - All uncooked ground beef, per lb. (453.6 gm)","APU0000712112 - Potatoes, white, per lb. (453.6 gm)","APU0000704312 - Ham, boneless, excluding canned, per lb. (453.6 gm)",APU000072620 - Utility (piped) gas per therm,"APU0000703432 - Beef for stew, boneless, per lb. (453.6 gm)","APU0000703113 - Ground beef, lean and extra lean, per lb. (453.6 gm)","APU0000710411 - Ice cream, prepackaged, bulk, regular, per 1/2 gal. (1.9 lit)","APU0000FD3101 - All Pork Chops, per lb. (453.6 gm)","APU0000714233 - Beans, dried, any type, all sizes, per lb. (453.6 gm)","APU0000720111 - Malt beverages, all types, all sizes, any origin, per 16 oz. (473.2 ml)","APU0000711311 - Oranges, Navel, per lb. (453.6 gm)","APU0000704111 - Bacon, sliced, per lb. (453.6 gm)","APU0000FJ1101 - Milk, fresh, low-fat, reduced fat, skim, per gal. (3.8 lit)","APU0000704211 - Chops, center cut, bone-in, per lb. (453.6 gm)","APU0000710211 - American processed cheese, per lb. (453.6 gm)","APU0000706212 - Chicken legs, bone-in, per lb. (453.6 gm)","APU0000709112 - Milk, fresh, whole, fortified, per gal. (3.8 lit)","APU0000704212 - Chops, boneless, per lb. (453.6 gm)","APU0000720311 - Wine, red and white table, all sizes, any origin, per 1 liter (33.8 oz)","APU0000701322 - Spaghetti and macaroni, per lb. (453.6 gm)","APU0000711211 - Bananas, per lb. (453.6 gm)","APU0000710212 - Cheddar cheese, natural, per lb. (453.6 gm)","APU0000712311 - Tomatoes, field grown, per lb. (453.6 gm)","APU0000711415 - Strawberries, dry pint, per 12 oz. (340.2 gm)"
1/1/14,2.008,2.414,3.378,3.32,3.651,3.483,3.872,0.628,3.904,3.279,,,4.411,,2.794,5.025,6.339,3.467,4.534,0.134,0.543,4.641,1.365,4.827,5.033,2.073,6.773,3.427,1.529,0.731,,4.205,2.593,3.586,3.897,0.688,4.109,1.04,4.628,5.021,5.022,3.723,1.468,1.254,1.118,5.563,,3.831,4.286,1.536,3.552,4.021,10.622,1.29,0.595,5.381,1.702,2.639
2/1/14,1.998,2.43,3.422,3.364,3.694,3.528,3.947,0.615,4.072,3.329,,,4.411,,2.825,5.002,6.556,3.555,4.94,0.134,0.555,5.046,1.388,5.221,5.284,2.068,6.966,3.384,1.504,0.732,,4.278,2.607,3.733,4.038,0.684,4.11,1.078,4.93,5.189,4.979,3.659,1.487,1.333,1.146,5.461,,3.669,4.286,1.579,3.561,4.097,12.152,1.265,0.599,5.543,1.672,2.112
3/1/14,2.061,2.457,3.59,3.532,3.858,3.7,3.993,0.604,3.952,3.424,,,4.538,,2.934,5.005,6.726,3.698,4.944,0.135,0.551,4.983,1.359,5.231,5.295,2.064,7.046,3.468,1.544,0.733,,4.337,2.704,3.745,4.134,0.678,4.208,1.154,5.057,5.273,4.842,3.824,1.48,1.247,1.212,5.552,,4.095,4.46,1.554,3.669,4.089,10.747,1.307,0.597,5.579,1.632,1.771
4/1/14,2.119,2.426,3.717,3.659,3.986,3.83,3.969,0.599,3.83,3.579,,,4.419,,2.847,5.204,6.974,3.808,5.073,0.131,0.547,5.16,1.388,5.374,5.522,2.092,7.356,3.392,1.53,0.75,,4.433,2.904,3.886,4.226,0.672,4.131,1.137,5.221,5.423,5.011,4.044,1.481,1.331,1.261,5.69,,4.2,4.535,1.538,3.687,4.363,12.303,1.241,0.597,5.733,1.622,1.713
5/1/14,1.996,2.571,3.745,3.691,4.02,3.852,3.932,0.607,3.815,3.391,,,4.372,,2.976,5.153,6.941,3.856,5.014,0.136,0.532,5.166,1.401,5.339,5.629,2.016,7.588,3.474,1.556,0.739,,4.438,2.963,3.849,4.213,0.678,4.198,1.111,5.119,5.356,4.911,4.106,1.457,1.239,1.342,6.048,,4.308,4.515,1.559,3.735,4.444,10.996,1.301,0.603,5.586,1.629,1.892
6/1/14,1.948,2.51,3.75,3.695,4.027,3.881,3.919,0.61,3.779,3.324,,,4.35,,3.02,4.67,6.974,3.88,5.1,0.143,0.532,5.004,1.4,5.299,5.495,2.027,7.689,3.504,1.503,0.742,,4.245,3.054,3.907,4.237,0.685,4.275,1.088,5.023,5.484,4.691,4.024,1.476,1.342,1.299,6.106,,4.165,4.412,1.548,3.626,4.404,12.082,1.267,0.607,5.56,1.675,1.838
7/1/14,1.95,2.547,3.69,3.633,3.976,3.819,3.896,0.596,3.753,3.456,,,4.308,,3.125,5.099,7.001,3.884,5.133,0.143,0.527,5.187,1.413,5.366,5.577,2.02,7.87,3.444,1.495,0.758,,4.337,3.102,3.917,4.224,0.696,4.371,1.093,5.155,5.408,4.719,4.005,1.477,1.191,1.39,6.009,,4.27,4.426,1.553,3.645,4.387,10.961,1.324,0.606,5.56,1.633,1.868
8/1/14,1.979,2.547,3.54,3.481,3.835,3.678,3.84,0.599,3.705,3.375,,,4.437,,3.281,5.167,7.363,4.013,5.472,0.143,0.531,5.505,1.396,5.711,5.826,2.072,8.25,3.476,1.572,0.737,,4.471,3.141,4.024,4.357,0.689,4.503,1.06,5.328,5.623,4.751,4.172,1.472,1.345,1.467,6.068,,4.353,4.482,1.564,3.673,4.527,12.402,1.375,0.608,5.58,1.544,1.968
9/1/14,1.97,2.566,3.463,3.403,3.758,3.605,3.801,0.608,3.642,3.333,,,4.357,,3.389,5.215,7.397,4.096,5.519,0.141,0.513,5.584,1.405,5.738,6.026,2.065,8.233,3.481,1.543,0.746,,4.612,3.148,4.201,4.504,0.671,4.629,1.058,5.449,5.828,4.987,4.173,1.496,1.189,1.486,5.953,,4.414,4.45,1.575,3.732,4.5,10.757,1.35,0.606,5.565,1.546,2.578
10/1/14,1.951,2.605,3.241,3.182,3.547,3.389,3.676,0.616,3.515,3.295,,,4.328,,3.433,5.032,7.404,4.154,5.443,0.136,0.501,5.552,1.414,5.686,6.068,2.001,8.103,3.486,1.549,0.723,,4.699,3.12,4.294,4.565,0.669,4.639,1.033,5.456,5.972,4.884,4.174,1.459,1.336,1.508,5.759,,4.308,4.487,1.62,3.766,4.605,12.283,1.266,0.582,5.568,1.695,2.677
11/1/14,2.032,2.646,2.945,2.887,3.262,3.114,3.615,0.612,3.384,3.641,,,4.247,,3.331,4.713,7.473,4.201,5.526,0.134,0.515,5.623,1.42,5.776,6.157,1.921,8.277,3.527,1.533,0.717,,4.679,3.076,4.26,4.593,0.641,4.479,1.035,5.546,6.043,4.863,4.1,1.464,1.235,1.352,5.574,,4.389,4.87,1.629,3.858,4.522,10.694,1.245,0.592,5.419,1.948,2.846
12/1/14,2.21,2.651,2.618,2.56,2.94,2.781,3.406,0.614,3.138,3.498,,,4.27,,3.217,4.59,7.541,4.156,5.682,0.135,0.511,5.661,1.466,5.854,6.261,1.994,8.147,3.482,1.541,0.7,,4.757,3.019,4.217,4.598,0.636,4.346,1.06,5.652,6.078,5.041,4.056,1.476,1.349,1.246,5.531,,4.261,4.713,1.609,3.82,4.534,14.42,1.164,0.585,5.438,2.189,3.563
1/1/15,2.113,2.732,2.17,2.11,2.497,2.34,2.964,0.644,2.811,3.428,,,4.263,,3.211,4.738,7.53,4.235,5.624,0.138,0.545,5.62,1.479,5.838,6.052,1.948,8.08,3.438,1.546,0.692,,4.734,2.991,4.375,4.675,0.668,4.405,1.036,5.712,6.032,5.089,3.988,1.452,1.295,1.195,5.589,,4.167,4.944,1.584,3.758,4.484,12.912,1.264,0.583,5.401,2.089,2.454
2/1/15,2.088,2.734,2.308,2.249,2.621,2.477,2.875,0.659,2.864,3.477,,,4.298,,3.221,4.91,7.569,4.238,5.546,0.138,0.525,5.657,1.435,5.844,6.18,2.024,8.194,3.511,1.55,0.689,,4.684,2.928,4.403,4.708,0.646,4.428,1.007,5.552,6.184,4.955,3.962,1.484,1.287,1.185,5.472,,4.138,4.598,1.581,3.496,4.468,12.37,1.319,0.591,5.48,1.849,2.09
3/1/15,2.133,2.678,2.544,2.483,2.867,2.72,2.933,0.66,3.019,3.486,,,4.4,,3.176,4.827,7.661,4.2,5.563,0.136,0.518,5.736,1.44,5.872,6.209,2.042,8.372,3.522,1.545,0.67,,4.709,2.904,4.364,4.677,0.639,4.314,0.985,5.595,6.099,4.889,3.867,1.472,1.318,1.201,5.367,,4.224,4.558,1.588,3.463,4.196,12.37,1.392,0.593,5.384,1.819,1.664
4/1/15,2.065,2.662,2.545,2.485,2.868,2.717,2.84,0.663,2.755,3.335,,,4.412,,2.971,4.99,7.684,4.231,5.659,0.137,0.509,5.644,1.454,5.864,6.157,2.008,8.329,3.504,1.539,0.67,,4.702,2.836,4.323,4.681,0.645,4.114,0.947,5.654,6.105,4.791,3.813,1.51,1.315,1.165,5.211,,4.141,4.543,1.609,3.397,4.227,12.335,1.337,0.597,5.384,1.847,1.852
5/1/15,1.962,2.709,2.832,2.775,3.166,2.968,2.906,0.66,2.788,3.212,,,4.427,,3.045,4.715,7.773,4.136,5.7,0.137,0.52,5.653,1.463,5.915,6.185,2.041,8.816,3.408,1.483,0.676,,4.59,2.804,4.308,4.653,0.646,4.164,0.93,5.581,6.195,4.696,3.786,1.486,1.32,1.208,4.94,,4.132,4.417,1.552,3.387,4.273,12.044,1.335,0.582,5.312,1.74,2.087
6/1/15,2.57,2.68,2.889,2.832,3.218,3.047,2.91,0.646,2.743,3.286,,,4.442,,3.02,4.686,7.917,4.221,5.704,0.143,0.519,5.638,1.467,5.927,6.183,1.957,8.842,3.388,1.515,0.691,,4.696,2.784,4.324,4.676,0.647,4.105,0.942,5.7,6.111,4.62,3.824,1.486,1.307,1.274,5.059,,3.965,4.265,1.622,3.366,4.326,12.021,1.36,0.574,5.256,1.708,1.735
7/1/15,2.57,2.658,2.893,2.832,3.252,3.058,2.85,0.656,2.651,3.305,,,4.48,,3.031,4.79,7.962,4.2,5.677,0.142,0.515,5.685,1.447,5.905,6.243,1.963,8.837,3.378,1.487,0.673,,4.738,2.833,4.266,4.637,0.668,4.098,0.933,5.684,6.184,4.466,3.917,1.483,1.306,1.38,5.184,,4.062,4.352,1.591,3.43,4.47,12.016,1.325,0.581,5.376,1.777,1.798
8/1/15,2.943,2.739,2.745,2.679,3.12,2.932,2.692,0.654,2.437,3.233,,,4.411,,3.103,4.808,7.91,4.159,5.639,0.142,0.524,5.688,1.42,5.871,6.147,1.956,8.697,3.406,1.428,0.669,,4.7,2.841,4.222,4.618,0.661,4.121,0.932,5.587,6.116,4.597,3.863,1.484,1.305,1.493,5.41,,4.042,4.346,1.612,3.389,4.396,12.009,1.351,0.58,5.336,1.737,2.283
9/1/15,2.966,2.732,2.463,2.394,2.86,2.661,2.566,0.656,2.376,3.366,,,4.504,,3.124,4.669,7.89,4.126,5.513,0.141,0.517,5.601,1.432,5.785,6.184,2.008,8.864,3.377,1.415,0.662,,4.684,2.819,4.195,4.604,0.65,4.131,0.921,5.608,6.139,4.791,3.88,1.469,1.309,1.48,5.734,,4.107,4.439,1.595,3.392,4.357,11.965,1.282,0.58,5.382,1.775,2.385
10/1/15,2.808,2.753,2.357,2.289,2.749,2.573,2.532,0.662,2.35,3.391,,,4.355,,3.155,4.609,7.836,4.083,5.546,0.136,0.511,5.523,1.418,5.762,6.209,1.978,8.802,3.356,1.43,0.69,,4.648,2.803,4.119,4.572,0.655,4.232,0.909,5.579,6.097,4.626,3.875,1.482,1.34,1.514,5.899,,4.106,4.331,1.61,3.338,4.355,12.416,1.297,0.577,5.478,1.844,2.523
11/1/15,2.664,2.715,2.249,2.185,2.64,2.453,2.493,0.641,2.302,3.413,,,4.49,,3.015,4.412,7.788,4.113,5.649,0.134,0.496,5.445,1.409,5.718,6.081,2.028,8.724,3.35,1.484,0.732,,4.541,2.778,4.082,4.551,0.633,4.122,0.903,5.421,6.047,4.684,3.797,1.514,1.345,1.329,5.847,,4.104,4.333,1.605,3.299,4.153,12.389,1.266,0.575,5.433,1.977,
12/1/15,2.751,2.733,2.125,2.06,2.532,2.318,2.378,0.642,2.114,3.316,,,4.413,,2.901,4.486,7.509,4.06,5.414,0.133,0.501,5.279,1.428,5.482,5.932,1.949,8.287,3.282,1.437,0.711,,4.505,2.716,4.025,4.485,0.637,4.034,0.892,5.498,5.885,4.725,3.807,1.511,1.347,1.229,5.734,,4.089,4.345,1.573,3.31,4.223,12.179,1.292,0.58,5.328,1.932,3.502
1/1/16,2.328,2.731,2.034,1.967,2.455,2.229,2.193,0.662,1.97,3.33,,,4.444,,2.937,4.498,7.468,3.978,5.177,0.134,0.522,5.225,1.425,5.421,5.856,1.943,8.144,3.251,1.429,0.709,,4.437,2.695,4.019,4.396,0.659,4.121,0.898,5.373,5.7,4.913,3.656,1.466,1.356,1.196,5.656,,3.714,4.374,1.579,3.313,4.143,12.18,1.265,0.581,5.411,2.528,2.92
2/1/16,2.267,2.752,1.833,1.767,2.248,2.029,2.04,0.648,1.923,3.289,,,4.421,,2.928,4.447,7.502,3.964,5.346,0.134,0.522,5.295,1.407,5.526,6.002,1.947,8.275,3.302,1.478,0.707,,4.539,2.697,3.945,4.379,0.659,4.137,0.895,5.541,5.611,4.851,3.658,1.485,1.353,1.194,5.394,,3.841,4.436,1.485,3.23,4.169,12.233,1.309,0.573,5.369,2.316,3.149
3/1/16,2.081,2.758,2.021,1.958,2.411,2.232,2.088,0.632,1.947,3.4,,,4.622,,2.95,4.405,7.686,3.955,5.321,0.134,0.512,5.47,1.416,5.662,5.968,1.909,8.514,3.271,1.463,0.711,,4.503,2.657,3.929,4.371,0.652,4.07,0.884,5.585,5.678,4.85,3.693,1.488,1.363,1.188,5.494,,3.901,4.462,1.509,3.187,4.146,12.211,1.341,0.586,5.364,1.941,2.031
4/1/16,1.793,2.747,2.196,2.134,2.585,2.398,2.158,0.655,1.989,3.42,,,4.544,,2.882,4.428,7.756,3.815,5.194,0.134,0.521,5.406,1.406,5.576,6.026,1.915,8.502,3.251,1.496,0.703,,4.53,2.688,3.933,4.327,0.652,3.965,0.879,5.44,5.638,4.915,3.707,1.468,1.365,1.176,5.613,,4.028,4.434,1.565,3.155,4.13,12.375,1.294,0.574,5.399,1.862,2.152
5/1/16,1.684,2.796,2.324,2.264,2.71,2.508,2.274,0.651,2.097,3.423,,,4.462,,2.909,4.443,7.759,3.717,5.381,0.133,0.525,5.534,1.382,5.687,6.07,1.962,8.678,3.25,1.489,0.747,,4.451,2.668,3.902,4.298,0.679,4.003,0.877,5.442,5.742,4.801,3.72,1.396,1.351,1.148,5.552,,3.968,4.325,1.528,3.157,4.15,12.031,1.32,0.57,5.365,1.695,2.252
6/1/16,1.491,2.772,2.422,2.363,2.807,2.62,2.384,0.641,2.155,3.32,,,4.477,,3.076,4.481,7.681,3.725,5.323,0.138,0.529,5.443,1.333,5.601,6.134,1.977,8.69,3.228,1.408,0.734,,4.517,2.69,3.84,4.263,0.688,4.039,0.891,5.38,5.786,4.71,3.752,1.408,1.35,1.186,5.374,,3.94,4.31,1.562,3.115,4.289,12.511,1.292,0.569,5.269,1.709,1.924
7/1/16,1.546,2.768,2.287,2.225,2.702,2.48,2.361,0.646,2.13,3.217,,,4.444,,3.072,4.428,7.546,3.69,5.211,0.139,0.543,5.274,1.349,5.504,5.76,1.966,8.521,3.21,1.445,0.74,,4.521,2.693,3.807,4.234,0.699,3.959,0.931,5.215,5.865,4.691,3.832,1.404,1.347,1.268,5.454,,3.986,4.373,1.547,3.062,4.292,12.393,1.32,0.567,5.184,1.635,1.942
8/1/16,1.455,2.774,2.218,2.155,2.629,2.42,2.333,0.653,2.073,3.219,,,4.427,,3.098,4.316,7.569,3.657,5.124,0.139,0.546,5.133,1.341,5.451,5.758,1.992,8.544,3.218,1.426,0.729,,4.508,2.767,3.912,4.25,0.711,4.062,0.943,5.203,5.844,4.71,3.76,1.364,1.346,1.365,5.448,,3.926,4.273,1.57,3.141,4.197,12.4,1.292,0.562,5.272,1.685,2.169
9/1/16,1.471,2.81,2.269,2.208,2.682,2.455,2.37,0.653,2.122,3.3,,,4.44,,3.135,4.372,7.51,3.665,5.163,0.139,0.547,5.016,1.329,5.315,6.067,1.974,8.585,3.244,1.487,0.721,,4.503,2.694,3.791,4.22,0.702,4.126,0.954,5.05,5.764,4.695,3.662,1.37,1.347,1.41,5.481,,3.89,4.396,1.548,3.229,4.031,12.53,1.289,0.575,5.023,1.786,2.021
10/1/16,1.39,2.55,2.304,2.243,2.719,2.51,2.421,0.63,2.288,3.47,,,4.507,,3.105,4.309,7.413,3.679,5.129,0.134,0.523,4.82,1.343,5.277,5.807,2.004,8.323,3.305,1.502,0.697,,4.497,2.665,3.742,4.158,0.691,4.054,0.961,5.196,5.693,4.712,3.632,1.35,1.355,1.412,5.375,,3.92,4.484,1.509,3.292,3.945,12.498,1.292,0.57,5.352,1.994,2.216
11/1/16,1.321,2.53,2.246,2.187,2.675,2.43,2.421,0.618,2.256,3.366,,,4.391,,3.037,4.306,7.217,3.597,5.187,0.131,0.507,4.987,1.362,5.301,5.758,2.024,7.943,3.263,1.478,0.703,,4.451,2.663,3.703,4.091,0.697,3.931,0.97,5.143,5.672,4.615,3.512,1.384,1.354,1.239,5.106,,3.703,4.322,1.51,3.28,3.812,12.294,1.302,0.573,4.914,1.984,3.165
12/1/16,1.383,2.571,2.289,2.23,2.698,2.496,2.456,0.614,2.394,3.409,,,4.353,,2.906,4.281,7.121,3.559,5.104,0.133,0.503,4.884,1.362,5.159,5.556,1.96,7.91,3.2,1.463,0.693,,4.517,2.579,3.619,4.043,0.686,3.93,0.972,5.262,5.542,4.682,3.462,1.364,1.358,1.169,5.102,,3.633,4.214,1.432,3.29,3.751,12.355,1.287,0.576,4.895,1.972,3.282
1/1/17,1.599,2.608,2.409,2.351,2.815,2.616,2.547,0.632,2.482,3.397,,,4.39,,2.822,4.468,7.094,3.553,4.962,0.134,0.53,4.934,1.351,5.138,5.733,1.975,7.79,3.218,1.418,0.7,,4.447,2.55,3.621,4.057,0.696,3.724,1,5.084,5.543,4.834,3.354,1.35,1.363,1.186,5.18,,3.639,4.322,1.462,3.318,3.727,12.391,1.31,0.573,4.933,2.048,2.612
2/1/17,1.464,2.653,2.36,2.299,2.793,2.561,2.537,0.637,2.474,3.39,,,4.334,,2.863,4.583,7.154,3.557,5.186,0.135,0.526,5.088,1.358,5.208,5.754,1.986,7.848,3.195,1.473,0.695,,4.472,2.627,3.549,4.029,0.703,3.781,1.003,5.042,5.563,4.87,3.45,1.357,1.355,1.191,5.334,,3.625,4.293,1.484,3.3,3.814,12.363,1.29,0.573,4.967,1.93,2.367
3/1/17,1.404,2.661,2.386,2.323,2.827,2.595,2.541,0.631,2.449,3.346,,,4.365,,2.994,4.65,7.176,3.594,5.141,0.134,0.531,5.152,1.329,5.264,5.728,1.929,7.856,3.291,1.462,0.692,,4.406,2.633,3.59,4.067,0.689,3.871,0.989,5.073,5.612,4.751,3.443,1.371,1.362,1.18,5.745,,3.699,4.271,1.48,3.315,3.822,12.531,1.265,0.571,4.799,1.943,2.318
4/1/17,1.409,2.645,2.479,2.418,2.909,2.693,2.548,0.628,2.438,3.404,,,4.369,,2.859,4.622,7.277,3.547,5.126,0.135,0.516,5.124,1.328,5.315,5.577,2.014,8.081,3.289,1.444,0.686,,4.497,2.592,3.675,4.078,0.698,3.768,1,5.188,5.707,4.659,3.441,1.354,1.372,1.174,5.775,,3.639,4.352,1.492,3.259,3.802,12.52,1.271,0.571,4.794,1.902,2.204
5/1/17,1.414,2.579,2.448,2.386,2.894,2.659,2.537,0.647,2.378,3.506,,,4.439,,2.864,4.597,7.315,3.559,5.145,0.137,0.517,5.202,1.327,5.354,5.758,1.974,8.082,3.208,1.499,0.726,,4.567,2.554,3.645,4.078,0.706,3.78,1.036,5.411,5.613,4.631,3.425,1.36,1.388,1.226,5.699,,3.746,4.393,1.454,3.242,3.832,12.403,1.272,0.564,4.748,1.867,2.06
6/1/17,1.332,2.582,2.4,2.337,2.859,2.627,2.516,0.659,2.284,3.575,,,4.428,,3.093,4.545,7.525,3.679,5.342,0.142,0.507,5.29,1.335,5.498,5.838,2.032,8.349,3.215,1.497,0.752,,4.716,2.6,3.768,4.16,0.733,3.921,1.04,5.677,5.759,4.629,3.42,1.35,1.382,1.346,5.665,,3.625,4.306,1.436,3.213,3.875,12.385,1.281,0.572,4.797,1.873,1.952
7/1/17,1.333,2.827,2.344,2.281,2.8,2.58,2.477,0.659,2.215,3.467,,,4.391,,3.155,4.335,7.606,3.754,5.228,0.143,0.512,5.326,1.327,5.453,5.939,1.967,8.359,3.189,1.496,0.764,,4.733,2.614,3.866,4.212,0.752,4.02,1.031,5.631,5.741,4.606,3.417,1.354,1.382,1.462,5.819,,3.793,4.282,1.418,3.219,3.821,12.511,1.294,0.565,4.851,1.952,2.036
8/1/17,1.367,2.868,2.436,2.374,2.883,2.674,2.544,0.658,2.292,3.568,,,4.37,,3.142,4.373,7.479,3.732,5.189,0.142,0.512,5.182,1.348,5.349,5.838,2.025,8.251,3.194,1.489,0.753,,4.782,2.593,3.785,4.207,0.75,3.956,1.027,5.69,5.888,4.688,3.482,1.349,1.384,1.453,6.241,,3.76,4.241,1.453,3.168,3.917,12.712,1.305,0.561,4.862,1.846,1.979
9/1/17,1.422,2.619,2.688,2.63,3.12,2.886,2.742,0.67,2.481,3.494,,,4.389,,3.108,4.323,7.363,3.707,5.098,0.142,0.505,5.168,1.349,5.329,5.882,1.986,8.084,3.185,1.48,0.741,,4.672,2.635,3.801,4.207,0.745,3.938,1.018,5.536,5.772,4.648,3.481,1.344,1.398,1.48,6.366,,3.896,4.203,1.439,3.209,3.809,12.827,1.299,0.544,5.01,1.828,2.256
10/1/17,1.54,2.619,2.545,2.484,2.996,2.772,2.761,0.664,2.52,3.511,,,4.48,,3.224,4.327,7.388,3.688,5.124,0.137,0.5,4.916,1.328,5.156,5.778,2.009,8.039,3.141,1.484,0.723,,4.549,2.654,3.703,4.1,0.748,3.95,1.02,5.399,5.369,4.683,3.378,1.362,1.418,1.59,6.066,,3.708,4.089,1.436,3.158,3.812,13.235,1.259,0.548,5.028,1.813,2.335
11/1/17,1.506,2.573,2.608,2.548,3.056,2.869,2.873,0.64,2.633,3.639,,,4.521,,2.972,4.324,7.352,3.638,5.09,0.136,0.469,4.934,1.295,5.163,5.798,2.024,7.906,3.13,1.451,0.712,,4.622,2.623,3.775,4.102,0.733,3.851,1.028,5.329,5.43,4.567,3.366,1.371,1.421,1.486,5.708,,3.87,4.091,1.437,3.15,3.802,13.059,1.242,0.551,5.006,1.933,2.863
12/1/17,1.815,2.615,2.521,2.459,2.985,2.776,2.886,0.646,2.703,3.601,,,4.431,,2.914,4.285,7.364,3.708,5.12,0.136,0.462,5.02,1.316,5.207,5.832,1.97,7.927,3.192,1.47,0.711,,4.653,2.596,3.729,4.128,0.731,3.869,1.042,5.343,5.516,4.758,3.302,1.368,1.421,1.315,5.629,,3.809,4.13,1.461,3.155,3.664,12.925,1.235,0.558,4.95,2.237,3.089
1/1/18,1.769,2.521,2.596,2.539,3.042,2.852,2.965,0.623,2.902,3.681,,,4.386,,2.86,4.291,7.415,3.641,4.792,0.135,0.471,4.925,1.281,5.109,5.608,2.033,8.205,3.073,1.509,0.682,,4.431,2.621,3.668,4.068,0.73,3.742,1.048,,5.247,4.786,3.224,1.327,1.412,1.326,5.654,,3.814,4.015,1.327,2.961,3.694,12.74,1.218,0.568,5.021,2.336,2.872
2/1/18,1.755,2.538,2.632,2.575,3.091,2.863,3.007,0.622,2.856,3.725,,,4.344,,2.888,4.267,7.392,3.642,4.996,0.135,0.47,4.99,1.265,5.184,5.619,2.011,8.297,3.119,1.478,0.691,,4.483,2.631,3.659,4.07,0.736,3.882,1.077,,5.333,4.67,3.186,1.316,1.414,1.339,5.533,,3.718,4.064,1.402,2.923,3.718,12.553,1.176,0.574,5.082,2.026,2.492
3/1/18,1.831,2.513,2.631,2.572,3.101,2.874,2.973,0.612,2.827,3.579,,,4.446,,3.008,4.343,7.507,3.657,5.026,0.135,0.468,5.107,1.309,5.259,5.512,2.039,8.339,3.142,1.502,0.682,,4.524,2.642,3.728,4.099,0.727,3.955,1.054,,5.367,4.825,3.207,1.306,1.418,1.305,5.527,,3.702,4.105,1.394,2.903,3.696,12.6,1.187,0.582,5.064,1.868,2.227
4/1/18,2.081,2.481,2.795,2.737,3.258,3.029,3.051,0.617,2.875,3.328,0.336,1.057,4.448,1.443,2.935,4.313,7.703,3.73,5.168,0.134,0.472,5.192,1.281,5.378,5.785,2.016,8.551,3.238,1.511,0.685,4.153,4.451,2.614,3.775,4.155,0.728,3.986,1.044,,5.523,4.709,3.293,1.308,1.419,1.291,5.421,2.658,4.004,4.034,1.45,2.924,3.73,12.673,1.176,0.578,5.03,1.802,2.475
5/1/18,1.987,2.481,2.963,2.907,3.423,3.186,3.197,0.628,3.132,3.4,0.326,1.059,4.491,1.473,3.135,4.294,7.64,3.685,5.234,0.136,0.469,5.179,1.293,5.369,5.649,1.966,8.247,3.076,1.523,0.698,4.112,4.579,2.546,3.688,4.079,0.739,4.122,1.05,,5.426,4.588,3.284,1.378,1.404,1.348,5.452,2.616,3.829,4.025,1.447,2.919,3.686,12.417,1.143,0.575,5.131,1.675,2.079
6/1/18,1.628,2.469,2.97,2.914,3.44,3.199,3.245,0.629,3.132,3.49,0.327,1.061,4.441,1.477,3.13,,7.673,3.729,5.301,0.139,0.469,5.205,1.279,5.481,5.8,1.896,8.509,3.094,1.514,0.689,4.064,4.8,2.516,3.824,4.115,0.744,4.234,1.042,,5.36,4.656,3.272,1.358,1.401,1.409,5.247,2.627,3.811,3.956,1.427,2.877,3.665,12.382,1.201,0.575,5.234,1.706,1.938
7/1/18,1.725,2.504,2.93,2.873,3.399,3.166,3.226,0.63,3.22,3.481,0.334,1.074,4.407,1.466,3.174,,7.725,3.745,5.458,0.139,0.468,5.163,1.293,5.508,5.694,1.899,8.552,3.116,1.519,0.69,4.11,4.764,2.553,3.786,4.149,0.765,4.21,1.038,,5.36,4.75,3.262,1.342,1.39,1.538,5.418,2.567,3.558,3.958,1.431,2.839,3.79,12.328,1.204,0.575,5.065,1.887,2.007
8/1/18,1.622,2.44,2.919,2.862,3.384,3.153,3.211,0.628,3.229,3.351,0.343,1.073,4.446,1.492,3.194,,7.724,3.792,5.399,0.139,0.464,5.152,1.302,5.506,5.807,1.936,8.561,2.939,1.511,0.705,4.085,4.789,2.605,3.738,4.155,0.768,4.184,1.055,,5.381,4.662,3.338,1.355,1.387,1.559,5.577,2.588,3.843,3.946,1.439,2.871,3.83,12.289,1.227,0.569,5.118,1.737,2.004
9/1/18,1.651,2.493,2.93,2.873,3.4,3.165,3.243,0.629,3.279,3.451,0.352,1.066,4.432,1.452,3.219,4.306,7.678,3.743,5.332,0.138,0.467,4.995,1.288,5.386,5.839,1.951,8.544,2.896,1.487,0.693,4.119,4.745,2.596,3.701,4.12,0.75,4.165,1.03,,5.404,4.754,3.289,1.335,1.4,1.511,5.501,2.573,3.799,4.04,1.426,2.89,3.699,12.595,1.2,0.573,5.128,1.826,2.147
10/1/18,1.66,2.478,2.945,2.887,3.431,3.172,3.335,0.602,3.381,3.456,0.366,1.043,4.473,1.439,3.077,,7.595,3.714,5.173,0.136,0.453,4.875,1.277,5.203,5.791,1.91,8.331,3.047,1.444,0.685,4.111,4.78,2.573,3.692,4.091,0.746,4.018,1.023,,5.252,4.864,3.367,1.351,1.425,1.502,5.37,2.625,3.889,3.994,1.46,2.913,3.786,12.793,1.138,0.574,5.158,1.901,2.216
11/1/18,1.596,2.475,2.733,2.671,3.251,2.975,3.292,0.602,3.286,3.527,0.349,1.062,4.59,1.428,3.01,,7.572,3.781,5.222,0.134,0.433,4.806,1.274,5.17,5.681,1.945,8.375,3.052,1.501,0.711,3.953,4.835,2.614,3.745,4.166,0.725,3.863,1.02,5.518,5.245,4.786,3.306,1.364,1.446,1.437,5.392,2.648,3.736,-,1.385,2.877,3.734,12.085,1.196,0.566,5.229,2.057,2.502
12/1/18,1.595,2.434,2.479,2.414,3.015,2.736,3.155,0.573,2.951,3.527,0.333,1.077,4.447,1.466,2.902,,7.579,3.725,5.122,0.135,0.437,4.791,1.29,5.202,5.687,1.924,8.311,3.112,1.466,0.712,3.931,4.73,2.601,3.709,4.139,0.718,3.884,1.085,5.399,5.262,4.812,3.361,1.368,1.444,1.389,5.502,2.629,3.947,3.944,1.404,2.853,3.74,12.054,1.161,0.577,5.36,2.175,3.166
1/1/19,1.554,2.407,2.352,2.289,2.874,2.6,3.015,0.595,2.934,3.466,0.347,1.07,4.432,1.548,2.918,,7.598,3.801,5.139,0.135,0.439,5.011,1.274,5.283,5.601,1.94,8.348,3.063,1.473,0.73,4.055,4.778,2.615,3.727,4.173,0.749,3.974,1.082,5.527,5.253,4.912,3.199,1.343,1.45,1.344,5.518,2.631,3.576,3.922,1.381,2.913,3.666,12.008,1.217,0.576,5.372,2.227,3.279
2/1/19,1.557,2.427,2.412,2.353,2.901,2.664,2.985,0.592,3.03,3.516,0.354,1.062,4.503,1.582,2.878,,7.597,3.758,5.145,0.136,0.443,4.968,1.282,5.319,5.722,1.951,8.529,3.062,1.486,0.762,4.154,4.797,2.558,3.847,4.169,0.751,4.002,1.051,5.593,5.208,4.981,3.298,1.342,1.451,1.298,5.502,2.656,3.852,3.863,1.417,2.9,3.716,12.196,1.206,0.571,5.247,2.068,2.872
3/1/19,1.544,2.45,2.62,2.564,3.079,2.864,3.063,0.596,3.05,3.311,0.363,1.102,4.587,1.568,3.131,,7.74,3.725,5.467,0.135,0.445,5.16,1.261,5.439,5.839,1.962,8.575,3.048,1.468,0.757,4.261,4.875,2.582,3.831,4.138,0.755,4.306,1.048,5.601,5.186,4.791,3.311,1.335,1.443,1.346,5.608,2.67,3.648,3.924,1.392,2.944,3.762,11.989,1.237,0.581,5.193,2.079,2.475
4/1/19,1.463,2.448,2.894,2.835,3.382,3.146,3.129,0.591,3.103,3.426,0.349,1.087,4.508,1.535,3.063,,7.755,3.775,5.246,0.135,0.434,5.26,1.285,5.445,5.856,1.952,8.706,3.014,1.463,0.767,4.019,4.931,2.562,3.907,4.198,0.749,4.255,1.034,5.79,5.288,4.821,3.354,1.339,1.439,1.28,5.552,2.694,3.779,3.928,1.435,2.98,3.804,11.875,1.223,0.567,5.29,1.947,2.504
5/1/19,1.362,2.454,2.963,2.901,3.471,3.22,3.189,0.58,3.03,3.352,0.351,1.114,4.407,1.538,3.095,,7.798,3.822,5.476,0.136,0.454,5.374,1.289,5.521,5.892,1.941,8.662,3.092,1.479,0.761,4.111,4.905,2.651,4.023,4.277,0.772,4.147,1.035,,5.486,4.85,3.441,1.298,1.442,1.331,5.812,2.683,4.019,3.869,1.442,2.963,3.833,12.048,1.197,0.579,5.327,1.823,1.972
6/1/19,1.203,2.486,2.814,2.752,3.328,3.08,3.104,0.586,2.946,3.504,0.341,1.126,4.452,1.579,3.13,,7.679,3.812,5.517,0.139,0.448,5.401,1.28,5.627,5.882,1.905,8.133,3.051,1.59,0.801,3.921,4.976,2.718,3.951,4.231,0.743,4.235,1.035,5.647,5.428,4.633,3.312,1.316,1.433,1.296,5.878,2.672,3.941,3.844,1.415,3.054,3.69,11.952,1.192,0.574,5.254,1.812,2.066
7/1/19,1.243,2.404,2.836,2.776,3.327,3.111,3.078,0.589,2.932,3.468,0.336,1.144,4.377,1.566,3.238,,7.716,3.8,5.479,0.14,0.454,5.458,1.281,5.609,5.977,1.951,8.284,2.975,1.562,0.798,3.977,4.998,2.722,4.001,4.258,0.78,4.239,1.029,5.575,5.462,4.674,3.411,1.345,1.437,1.411,5.701,2.674,4.041,3.772,1.412,3.031,3.83,11.995,1.198,0.569,5.349,1.799,2.111
8/1/19,1.219,2.416,2.716,2.655,3.222,2.995,3.03,0.589,2.87,3.496,0.338,1.137,4.382,1.585,3.32,,7.652,3.819,5.279,0.139,0.45,5.305,1.275,5.471,5.834,1.94,8.134,2.96,1.514,0.793,4.036,5,2.687,4.019,4.249,0.786,4.454,1.034,5.614,5.444,4.682,3.379,1.329,1.429,1.442,5.576,2.702,3.982,3.873,1.414,3.045,3.784,12.148,1.215,0.578,5.367,1.864,2.01
9/1/19,1.383,2.414,2.694,2.63,3.214,2.98,3.033,0.596,2.894,3.587,0.345,1.15,4.561,1.603,3.343,,7.658,3.851,5.294,0.139,0.449,5.222,1.296,5.43,5.858,1.935,8.083,2.93,1.487,0.797,3.954,5.018,2.687,3.885,4.209,0.794,4.439,1.019,5.632,5.351,4.802,3.335,1.324,1.44,1.426,5.571,2.742,3.841,3.875,1.425,3.102,3.761,12.096,1.184,0.569,5.406,1.911,2.153
10/1/19,1.282,2.369,2.741,2.673,3.297,3.025,3.086,0.589,3.008,3.602,0.347,1.109,4.389,1.567,3.431,4.174,7.667,3.841,5.131,0.136,0.432,4.988,1.325,5.277,5.774,1.948,8.225,2.948,1.538,0.773,3.979,4.941,2.716,4.027,4.262,0.785,4.464,1.041,5.566,5.463,4.94,3.238,1.347,1.437,1.47,5.653,2.818,3.773,3.821,1.429,3.119,3.715,12.119,1.178,0.573,5.277,1.779,2.402
11/1/19,1.405,2.264,2.687,2.62,3.254,2.955,3.09,0.589,2.984,3.603,0.344,1.135,4.692,1.546,3.18,4.197,7.535,3.812,5.404,0.133,0.417,5.211,1.361,5.376,5.793,1.943,8.318,2.94,1.43,0.721,3.713,5.032,2.74,3.993,4.241,0.764,4.253,1.058,5.792,5.475,4.935,3.399,1.41,1.418,1.429,5.505,2.818,3.85,3.917,1.488,3.189,3.786,12.203,1.231,0.573,5.309,1.903,2.604
12/1/19,1.535,2.336,2.652,2.587,3.19,2.922,3.089,0.589,3.035,3.584,0.345,1.148,4.532,1.483,3.035,4.053,7.709,3.862,5.646,0.133,0.429,5.069,1.363,5.537,5.977,1.964,8.481,3.113,1.45,0.714,3.624,5.053,2.761,4.066,4.3,0.78,4.07,1.057,5.751,5.518,4.74,3.391,1.402,1.422,1.327,5.474,2.872,3.772,3.909,1.505,3.188,3.805,12.044,1.189,0.573,5.302,1.954,3.096
1/1/20,1.461,2.321,2.631,2.567,3.157,2.901,3.078,0.603,3.052,3.525,0.361,1.108,4.494,1.585,3.11,4.174,7.653,3.886,5.398,0.134,0.438,5.062,1.351,5.515,5.963,1.961,8.441,3.059,1.409,0.716,3.864,5.046,2.722,4.1,4.343,0.802,4.194,1.066,5.754,5.63,4.824,3.368,1.432,1.439,1.244,5.505,2.953,3.781,3.847,1.451,3.253,3.854,12.056,1.225,0.57,5.204,2.221,2.884
2/1/20,1.449,2.319,2.53,2.465,3.071,2.798,2.98,0.612,2.812,3.551,0.361,1.169,4.594,1.611,3.13,4.25,7.642,3.865,5.368,0.134,0.438,5.26,1.375,5.532,6.091,1.986,8.333,3.013,1.362,0.734,3.762,5.148,2.775,4.033,4.298,0.786,4.226,1.05,5.83,5.521,4.884,3.419,1.461,1.447,1.218,5.497,2.882,3.92,3.912,1.479,3.196,3.813,12.233,1.235,0.574,5.381,2.197,2.558
3/1/20,1.525,2.277,2.334,2.267,2.893,2.606,2.818,0.621,2.405,3.633,0.373,1.176,4.63,1.649,3.376,4.334,7.676,3.881,5.382,0.134,0.442,5.175,1.374,5.535,6.091,1.994,8.265,2.956,1.4,0.733,3.857,5.079,2.762,4.108,4.355,,4.464,1.034,5.73,5.635,4.918,3.415,1.488,1.472,1.174,5.257,2.913,3.907,3.907,1.538,3.248,3.791,12.346,1.238,0.576,5.329,,2.367
4/1/20,2.019,2.398,1.946,1.876,2.527,2.224,2.605,0.64,2.044,3.826,0.381,1.197,4.88,1.717,,4.396,7.951,4.052,5.786,0.133,,5.528,1.406,5.896,6.41,2.07,8.6,3.158,1.571,,3.725,,,4.343,4.556,,,1.028,5.697,5.708,4.941,3.673,,1.502,,5.346,2.901,4.148,3.981,1.598,3.267,4.014,12.294,1.265,0.581,5.453,,
5/1/20,1.64,2.375,1.946,1.879,2.49,2.222,2.515,0.647,1.905,3.617,0.373,1.232,4.985,1.703,,4.466,8.957,4.461,7.049,0.134,0.461,6.906,1.412,7.068,7.301,2.075,9.48,3.348,,0.748,3.535,5.691,3.085,4.789,4.931,0.855,4.549,1.037,6.308,6.101,4.934,3.972,,1.494,1.209,5.348,2.877,4.371,4.097,1.581,3.21,4.409,12.547,1.26,0.589,5.558,1.851,2.174
6/1/20,1.554,2.36,2.141,2.076,2.673,2.42,2.508,0.626,2.057,3.717,0.398,1.237,5.087,1.685,,4.517,9.518,4.737,7.165,0.137,0.468,6.546,1.474,7.057,7.394,2.118,10.423,3.349,1.747,0.749,3.491,6.071,3.152,5.33,5.291,0.854,4.608,1.037,6.752,6.314,5.088,4.189,1.422,1.484,1.296,5.772,2.811,4.544,4.222,1.602,3.198,4.689,12.176,1.28,0.588,5.619,1.922,2.02
7/1/20,1.401,2.339,2.243,2.176,2.783,2.52,2.514,0.627,2.134,3.696,0.385,1.216,5.104,1.721,,4.536,8.698,4.264,6.476,0.137,0.461,5.884,1.485,6.461,6.95,2.144,9.413,3.221,1.712,0.772,3.572,5.672,3.099,4.732,4.84,0.854,4.574,1.027,6.336,6.052,4.898,3.91,1.415,1.487,,5.776,2.826,4.351,4.189,1.579,3.255,4.355,12.405,1.295,0.58,5.517,1.977,2.02
8/1/20,1.328,2.339,2.245,2.177,2.795,2.522,2.503,0.629,2.161,3.769,0.392,1.225,5.07,1.692,,4.504,8.213,4.177,5.972,0.137,0.459,5.668,1.495,6.059,6.579,2.084,8.875,3.276,1.609,0.769,3.623,5.448,3.045,4.307,4.64,0.856,4.631,1.031,5.995,5.76,4.95,3.788,1.445,1.482,,5.559,3.038,4.06,4.285,1.568,3.406,4.343,12.409,1.303,0.576,5.572,1.874,2.214
9/1/20,1.353,2.257,2.26,2.193,2.81,2.531,2.496,0.63,2.123,3.659,0.397,1.2,5.024,1.621,,4.487,8.133,4.076,5.849,0.137,0.451,5.76,1.492,6.035,6.447,2.081,8.795,3.302,1.542,0.777,3.57,5.442,2.891,4.165,4.547,0.798,4.538,1.064,5.872,5.73,4.944,3.799,1.424,1.485,,5.619,3.017,4.066,4.246,1.557,3.448,4.369,12.371,1.256,0.574,5.611,1.847,2.234
10/1/20,1.408,2.307,2.228,2.159,2.782,2.509,2.46,0.634,2.139,3.848,0.4,1.215,5.039,1.716,3.476,4.522,8.154,4.008,5.749,0.135,0.452,5.614,1.503,5.841,6.383,2.17,8.931,3.29,1.58,0.766,3.586,5.375,2.989,4.212,4.552,0.802,4.559,1.067,5.696,5.758,4.925,3.632,1.41,1.492,,5.722,2.928,3.947,4.233,1.551,3.38,4.138,12.535,1.22,0.577,5.583,1.911,2.745
11/1/20,1.45,2.285,2.159,2.09,2.727,2.44,2.441,0.66,2.208,3.767,0.394,1.235,5.085,1.469,3.344,4.485,8.081,4.027,5.96,0.136,0.445,5.522,1.515,5.883,6.449,2.207,8.876,3.412,1.639,0.791,3.325,5.482,2.974,4.33,4.596,0.756,4.55,1.104,5.729,5.672,4.846,3.737,1.391,1.509,,5.754,3.002,4.054,4.132,1.55,3.425,4.289,12.784,1.262,0.578,5.589,1.935,2.934
12/1/20,1.481,2.333,2.235,2.168,2.778,2.514,2.543,0.674,2.419,3.793,0.394,1.254,5.077,1.611,3.261,4.52,8.085,3.951,6.008,0.136,0.45,5.302,1.538,5.868,6.339,2.203,8.98,3.293,1.621,0.789,3.533,5.552,2.991,4.202,4.555,0.749,4.469,1.114,5.87,5.715,4.927,3.741,1.404,1.506,1.329,5.831,3.118,4.248,4.2,1.543,3.535,4.134,12.861,1.313,0.572,5.54,1.893,3.29
1/1/21,1.466,2.341,2.391,2.326,2.921,2.662,2.661,0.682,2.549,3.669,0.411,1.224,4.942,1.677,3.441,4.591,8.25,3.965,5.811,0.136,0.446,5.475,1.546,5.861,6.522,2.175,9.148,3.26,1.595,0.794,3.644,5.632,3.02,4.31,4.543,0.782,4.616,1.119,5.949,5.705,5.014,3.694,1.433,1.494,1.303,5.831,3.045,3.943,4.193,1.6,3.468,4.204,12.885,1.314,0.597,5.656,1.928,3.044
2/1/21,1.597,2.359,2.559,2.496,3.073,2.825,2.802,0.68,2.79,3.8,0.402,1.228,5.046,1.668,3.683,4.673,8.281,3.987,5.991,0.137,0.44,5.582,1.537,6.063,6.443,2.203,9.079,3.239,1.583,0.779,3.661,5.664,3.001,4.252,4.556,0.762,4.921,1.124,5.782,5.611,4.937,3.676,1.448,1.498,1.321,5.778,3.008,3.963,4.162,1.553,3.368,4.137,13.115,1.324,0.59,5.6,1.838,2.893
3/1/21,1.625,2.285,2.856,2.791,3.386,3.112,3.076,0.675,2.873,3.964,0.407,1.197,5.043,1.714,3.511,4.671,8.383,4.042,6.088,0.138,0.436,5.625,1.526,6.229,6.412,2.196,9.134,3.291,1.543,0.772,3.643,5.57,2.997,4.377,4.648,0.786,4.79,1.144,5.762,5.78,4.949,3.765,1.459,1.498,1.266,5.852,2.966,4.067,4.145,1.569,3.348,4.253,13.276,1.341,0.594,5.682,1.768,2.7
4/1/21,1.62,2.364,2.907,2.839,3.455,3.184,3.126,0.675,2.785,3.939,0.397,1.182,5.092,1.685,3.548,4.752,8.656,4.096,5.949,0.139,0.437,5.771,1.51,6.216,6.64,2.209,9.344,3.406,1.515,0.785,3.521,5.703,3.176,4.29,4.656,0.774,4.856,1.166,6.034,5.973,4.978,3.844,1.457,1.49,1.32,6.215,3.045,4.161,4.1,1.579,3.447,4.328,13.629,1.251,0.604,5.441,1.786,2.803
5/1/21,1.625,2.387,3.041,2.972,3.596,3.315,3.2,0.675,2.825,4.019,0.387,1.215,4.929,1.626,3.638,4.566,9.12,4.101,6.381,0.14,0.439,5.822,1.511,6.512,6.737,2.151,9.892,3.371,1.486,0.801,3.561,5.954,3.217,4.495,4.703,0.764,4.907,1.201,6.225,5.952,4.685,3.875,1.42,1.506,1.317,6.346,3.078,4.162,4.048,1.593,3.497,4.362,13.519,1.336,0.6,5.421,1.804,2.648
6/1/21,1.642,2.594,3.245,3.154,3.802,3.496,3.272,0.675,2.952,4.068,0.396,1.209,5.02,1.646,3.773,4.605,9.747,4.357,6.635,0.142,0.356,6.209,1.51,6.824,7.297,2.026,10.78,3.353,1.474,0.778,3.585,6.317,3.381,4.565,4.869,0.769,4.922,1.219,6.802,6.016,4.886,4.089,1.421,1.532,1.354,6.67,3.165,4.351,3.989,1.611,3.557,4.541,13.257,1.073,0.595,5.386,1.83,2.318
7/1/21,1.642,2.612,3.326,3.233,3.897,3.582,3.324,0.686,2.98,4.065,0.399,1.251,5.003,1.674,3.711,4.562,9.67,4.388,6.7,0.143,0.368,6.1,1.491,6.749,7.183,2.1,10.538,3.5,1.435,0.782,3.599,6.37,3.564,4.521,4.846,0.776,4.667,1.241,6.731,6.081,4.943,4.081,1.426,1.54,,6.857,3.168,4.322,3.972,1.615,3.627,4.455,13.104,1.094,0.594,5.392,1.827,2.256
8/1/21,1.709,2.58,3.351,3.255,3.938,3.616,3.353,0.681,2.932,4.065,0.404,1.212,5.111,1.676,3.747,4.726,9.652,4.468,6.8,0.144,0.371,6.004,1.467,6.727,7.112,2.076,10.599,3.536,1.472,0.784,3.634,6.38,3.474,4.636,4.964,0.797,4.683,1.267,6.666,6.179,4.918,4.057,1.429,1.534,,7.096,3.172,4.326,3.977,1.706,3.56,4.469,12.926,1.089,0.589,5.336,1.858,2.434
9/1/21,1.835,2.544,3.361,3.265,3.945,3.626,3.366,0.688,2.999,3.981,0.419,1.228,5.058,1.78,3.831,4.733,9.912,4.504,7.457,0.144,0.382,6.276,1.58,7.133,7.282,2.102,11.01,3.517,1.504,0.798,3.568,6.64,3.497,4.786,5.051,0.798,4.847,1.302,6.874,6.146,4.9,4.051,1.445,1.549,,7.22,3.165,4.233,4.019,1.723,3.585,4.393,13.042,1.077,0.597,5.387,1.828,2.454
10/1/21,1.821,2.631,3.477,3.385,4.04,3.73,3.55,0.713,3.422,3.815,0.436,1.223,5.273,1.763,3.921,4.8,10.209,4.719,7.397,0.142,0.396,6.33,1.526,7.127,7.304,2.175,11.654,3.589,1.523,0.788,3.652,6.751,3.565,4.869,5.237,0.808,4.964,1.383,6.92,6.371,4.952,4.147,1.46,1.551,1.49,7.317,3.187,4.394,3.987,1.709,3.663,4.495,12.941,1.067,0.6,5.396,1.892,2.687
11/1/21,1.718,2.651,3.576,3.482,4.148,3.834,3.695,0.687,3.512,3.999,0.431,1.25,5.246,1.717,3.853,4.816,10.228,4.716,7.272,0.142,0.386,6.426,1.547,7.161,7.404,2.094,11.508,3.618,1.583,0.844,3.477,7.011,3.665,4.81,5.261,0.767,4.937,1.401,7.159,6.27,4.77,4.072,1.474,1.57,1.44,7.265,3.288,4.356,3.948,1.733,3.671,4.43,13.348,1.093,0.619,5.326,1.924,3.079
12/1/21,1.788,2.654,3.505,3.408,4.1,3.779,3.661,0.691,3.443,4.089,0.44,1.265,5.15,1.706,3.707,4.965,9.933,4.604,6.922,0.142,0.388,6.234,1.532,6.948,7.342,2.099,11.055,3.725,1.606,0.82,3.474,7.011,3.494,4.792,5.174,0.778,4.827,1.402,7.363,6.315,4.766,4.023,1.504,1.566,1.448,7.211,3.359,4.357,3.894,1.729,3.743,4.409,13.194,1.092,0.622,5.257,1.906,
1/1/22,1.929,2.621,3.5,3.413,4.102,3.721,3.675,0.706,3.776,4.223,0.449,1.281,5.258,1.762,3.891,5.135,9.825,4.554,6.83,0.147,0.424,6.158,1.555,6.845,7.378,2.119,10.826,3.726,1.622,0.832,3.672,6.771,3.451,4.765,5.17,0.792,4.998,1.409,6.806,6.519,4.993,4.019,1.509,1.58,1.427,7.222,3.393,4.392,3.948,1.731,3.787,4.374,13.397,1.116,0.63,5.315,1.892,3.106
2/1/22,2.005,2.754,3.675,3.592,4.244,3.884,3.899,0.718,4.058,4.15,0.456,1.303,5.363,1.801,4.06,5.247,9.753,4.63,6.83,0.148,0.428,6.318,1.578,6.898,7.489,2.029,10.584,3.815,1.632,0.83,3.774,6.949,3.479,4.627,5.199,0.802,5.119,1.413,6.977,6.465,5.048,4.031,1.546,1.618,1.445,7.097,3.514,4.367,3.98,1.797,3.875,4.449,13.488,1.148,0.628,5.447,1.826,3.045
3/1/22,2.046,2.696,4.401,4.312,5.015,4.614,4.818,0.739,4.928,4.147,0.478,1.35,5.487,1.82,4.055,5.41,9.786,4.757,6.989,0.15,0.448,6.295,1.607,6.971,7.324,2.121,10.658,3.87,1.724,0.871,4.076,6.987,3.519,4.87,5.342,0.825,5.151,1.411,7.16,6.476,5.059,4.126,1.625,1.626,1.48,7.203,3.584,4.679,3.983,1.834,3.917,4.446,13.498,1.182,0.642,5.486,1.827,2.711
4/1/22,2.52,2.77,4.369,4.271,5.037,4.606,5.119,0.74,5.143,4.174,0.477,1.35,5.601,1.82,3.924,5.529,9.701,4.916,7.012,0.151,0.455,6.249,1.612,6.927,7.266,2.145,10.656,4.096,1.794,0.9,4.15,6.876,3.578,4.945,5.414,0.849,4.985,1.445,7.13,6.479,5.129,4.178,1.628,1.619,1.505,7.422,3.682,4.587,4.152,1.886,4.012,4.575,13.589,1.217,0.637,5.656,1.794,2.777
5/1/22,2.863,2.856,4.695,4.604,5.318,4.906,5.517,0.745,5.973,4.505,0.473,1.4,5.619,1.902,3.938,5.835,9.69,4.794,7.031,0.154,0.456,6.305,1.606,6.934,7.438,2.22,10.447,4.31,1.824,0.909,4.285,6.605,3.609,4.894,5.332,0.875,5.172,1.565,7.023,6.546,5.352,4.13,1.64,1.63,1.546,7.364,3.827,4.463,4.34,1.861,4.204,4.512,13.308,1.291,0.642,5.645,1.819,2.438
6/1/22,2.707,2.887,5.149,5.058,5.774,5.369,5.758,0.765,5.863,4.567,0.489,1.366,5.766,1.949,4.117,5.793,9.83,4.889,6.705,0.16,0.498,6.27,1.691,6.783,7.318,2.23,10.721,4.568,1.826,0.924,4.386,6.658,3.683,4.997,5.402,0.891,5.381,1.699,6.9,6.492,5.536,4.068,1.639,1.66,1.6,7.403,3.869,4.468,4.509,1.882,4.153,4.418,13.2,1.316,0.64,5.777,1.842,2.317
7/1/22,2.936,2.889,4.768,4.667,5.459,5.031,5.637,0.791,5.256,4.654,0.506,1.44,5.894,1.964,4.083,6.112,9.709,4.893,6.911,0.164,0.533,6.121,1.715,6.742,7.131,2.316,10.57,4.608,1.88,0.929,4.552,6.805,3.645,5.075,5.426,0.945,5.285,1.629,7.015,6.58,5.621,4.174,1.673,1.669,,7.415,3.874,4.62,4.54,1.835,4.156,4.459,13.337,1.349,0.64,5.855,1.842,2.208
8/1/22,3.116,2.751,4.205,4.101,4.916,4.472,5.165,0.821,4.953,4.676,0.531,1.407,5.941,2.028,4.213,6.235,9.535,4.937,6.975,0.167,0.549,6.162,1.756,6.827,7.201,2.298,10.312,4.706,1.879,0.925,4.699,6.781,3.633,5.12,5.456,0.994,5.346,1.694,7.08,6.512,5.638,4.248,1.677,1.681,1.703,7.372,3.888,4.559,4.601,1.993,4.194,4.597,13.422,1.368,0.643,5.995,1.89,2.558
9/1/22,2.902,2.777,3.99,3.881,4.732,4.247,5.046,0.837,4.815,4.796,0.514,1.441,6.058,2.171,4.339,6.17,9.592,4.862,6.98,0.167,0.556,6.249,1.749,6.832,7.184,2.362,10.543,4.746,1.891,0.939,4.718,6.773,3.714,4.89,5.332,1.019,5.504,1.739,6.982,6.624,5.701,4.187,1.677,1.655,1.73,7.383,3.808,4.595,4.679,1.975,4.181,4.487,13.518,1.357,0.643,6.084,1.901,2.782
10/1/22,3.419,2.744,4.13,4.016,4.914,4.362,5.232,0.846,5.786,4.869,0.529,1.42,6.402,2.247,4.437,6.408,9.712,4.836,6.73,0.166,0.534,6.084,1.814,6.69,7.173,2.386,10.496,4.67,1.863,0.963,4.847,6.609,3.642,4.789,5.298,0.991,5.65,1.668,6.857,6.68,5.745,4.273,1.675,1.691,1.73,7.608,3.836,4.578,4.578,2.013,4.184,4.492,13.624,1.349,0.634,5.96,1.974,3.108
11/1/22,3.589,2.672,3.958,3.853,4.679,4.2,5.349,0.846,5.24,4.942,0.526,1.489,6.253,2.151,4.278,6.356,9.541,4.853,6.782,0.163,0.524,6.049,1.847,6.667,7.159,2.419,10.268,4.42,1.843,0.963,4.639,6.505,3.692,4.728,5.206,0.945,5.521,1.616,6.58,6.227,5.724,4.163,1.664,1.719,1.641,7.243,3.842,4.572,4.84,2.024,4.218,4.488,13.701,1.428,0.631,5.933,2.107,3.631
12/1/22,4.25,2.718,3.459,3.356,4.167,3.734,4.913,0.844,4.344,4.974,0.541,1.472,6.283,2.129,4.048,6.465,9.46,4.8,6.857,0.165,0.522,6.217,1.873,6.724,7.061,2.419,10.169,4.348,1.83,0.971,4.811,6.587,3.64,4.758,5.186,0.948,5.368,1.667,6.873,6.386,5.561,4.314,1.7,1.736,1.485,6.956,3.845,4.674,4.663,1.945,4.211,4.555,13.658,1.434,0.628,5.995,2.228,3.856
1/1/23,4.823,2.823,3.555,3.452,4.192,3.835,4.684,0.86,4.313,5.058,0.544,1.476,6.238,2.244,4.298,6.358,9.582,4.791,6.862,0.168,0.54,6.222,1.888,6.765,7.272,2.451,10.313,4.315,1.855,0.97,4.882,6.596,3.608,4.644,5.171,0.953,5.484,1.819,6.773,6.393,5.809,4.14,1.703,1.739,1.514,6.808,3.817,4.573,4.724,1.869,4.204,4.283,13.36,1.475,0.639,5.946,2.11,3.467
2/1/23,4.211,2.982,3.622,3.514,4.287,3.912,4.587,0.876,3.988,5.177,0.537,1.502,6.171,2.305,4.37,6.351,9.68,4.778,6.819,0.168,0.55,6.237,1.896,6.817,7.218,2.5,10.286,4.365,1.894,0.959,4.869,6.519,3.588,4.777,5.207,0.978,5.668,1.609,6.785,6.427,5.722,4.256,1.697,1.741,1.549,6.595,3.819,4.611,4.628,1.843,4.163,4.494,13.213,1.486,0.641,5.85,1.99,3.169
3/1/23,3.446,2.893,3.66,3.551,4.339,3.953,4.359,0.88,3.866,5.234,0.559,1.526,6.526,2.345,4.34,6.184,9.81,4.813,6.727,0.166,0.546,6.221,1.936,6.765,7.179,2.533,10.284,4.324,1.868,0.982,4.663,6.477,3.525,4.753,5.194,0.968,5.679,1.493,6.762,6.354,5.92,4.165,1.687,1.745,1.509,6.613,3.748,4.617,4.773,1.858,4.098,4.321,13.249,1.465,0.632,5.922,1.932,2.649
4/1/23,3.27,3.01,3.839,3.735,4.485,4.116,4.215,0.893,3.709,5.193,0.551,1.553,6.623,2.398,4.21,6.04,9.957,4.79,6.76,0.165,0.542,6.164,1.989,6.803,7.345,2.553,10.607,4.405,1.873,0.98,4.452,6.564,3.582,4.747,5.247,0.98,5.564,1.413,6.939,6.579,5.95,4.099,1.659,1.746,1.53,6.549,3.7,4.505,4.759,1.935,4.042,4.489,13.302,1.461,0.635,5.94,1.874,2.894
5/1/23,2.666,3.175,3.794,3.685,4.468,4.082,4.074,0.899,3.423,5.153,0.537,1.529,6.454,2.391,4.396,6.094,10.223,4.96,7.042,0.165,0.544,6.393,1.951,7.064,7.511,2.502,10.753,4.236,1.92,0.997,4.549,6.473,3.598,4.953,5.355,1.008,5.813,1.385,6.756,6.697,5.807,4.189,1.695,1.754,1.512,6.339,3.715,4.51,4.765,1.919,4.042,4.474,13.406,1.458,0.628,5.841,1.798,2.668
6/1/23,2.219,3.27,3.821,3.712,4.497,4.108,3.941,0.918,3.395,5.111,0.55,1.516,6.283,2.334,4.444,6.091,10.359,5.028,7.011,0.17,0.551,6.367,1.937,7.02,7.43,2.564,11.164,4.193,1.953,1.003,4.452,6.507,3.458,5.106,5.435,1.026,5.898,1.371,6.914,6.681,5.812,4.241,1.707,1.738,1.535,6.224,3.682,4.562,4.698,1.998,3.985,4.521,13.345,1.466,0.625,5.681,1.911,2.499
7/1/23,2.094,3.336,3.842,3.732,4.526,4.136,3.91,0.932,3.472,5.091,0.551,1.57,6.476,2.313,4.531,6.141,10.633,5.102,7.299,0.169,0.564,6.625,1.98,7.203,7.664,2.58,11.507,4.141,1.891,1.006,4.465,6.769,3.556,5.253,5.537,1.051,5.889,1.395,7.21,6.851,5.845,4.238,1.721,1.731,1.591,6.236,3.633,4.448,4.782,2.025,3.971,4.473,13.423,1.42,0.631,5.911,1.896,2.421
8/1/23,2.043,3.415,4.064,3.955,4.74,4.352,4.357,0.95,3.819,5.056,0.573,1.576,6.463,2.305,4.569,6.091,10.75,5.076,7.298,0.17,0.566,6.656,1.97,7.285,7.646,2.535,11.432,4.179,1.958,0.997,4.411,6.818,3.63,5.259,5.554,1.094,5.895,1.402,7.157,6.947,5.904,4.359,1.702,1.734,1.623,6.502,3.596,4.63,4.73,2.031,3.927,4.556,13.629,1.404,0.631,5.897,1.877,2.609
9/1/23,2.065,3.427,4.107,3.988,4.844,4.418,4.617,0.971,4.151,5.113,0.554,1.555,6.562,2.364,4.563,6.085,10.771,5.109,7.177,0.171,0.565,6.613,1.972,7.251,7.774,2.537,11.626,4.229,1.901,0.981,4.407,6.831,3.627,5.185,5.57,1.047,5.882,1.377,7.23,6.884,5.959,4.327,1.715,1.742,1.637,7.083,3.639,4.552,4.767,1.899,3.965,4.558,13.678,1.41,0.625,5.846,1.844,2.628
10/1/23,2.072,3.669,3.91,3.782,4.701,4.25,4.566,0.963,4.089,5.129,0.564,1.571,6.682,2.357,4.662,6.178,10.834,5.226,7.305,0.169,0.562,6.795,2.002,7.321,7.987,2.67,11.697,4.222,1.926,0.96,4.55,6.787,3.743,5.349,5.666,1.006,5.766,1.388,7.311,6.991,6.041,4.452,1.625,1.754,1.693,7.223,3.673,4.426,4.738,1.917,3.927,4.767,13.509,1.4,0.626,5.846,1.865,2.617
11/1/23,2.138,3.638,3.623,3.5,4.385,3.957,4.397,0.958,4.011,5.044,0.551,1.634,6.459,2.126,4.522,6.169,10.482,5.353,7.612,0.168,0.541,6.846,1.976,7.482,7.862,2.624,11.533,4.06,1.976,0.992,4.52,6.999,3.711,5.201,5.643,0.983,5.528,1.442,7.16,6.731,6.014,4.343,1.574,1.745,1.664,6.899,3.692,4.278,4.748,1.851,3.997,4.629,13.327,1.369,0.627,5.65,1.942,2.965
12/1/23,2.507,3.717,3.411,3.289,4.162,3.75,4.133,0.956,3.821,5.117,0.567,1.629,6.408,2.111,4.4,6.092,10.646,5.21,7.378,0.169,0.538,6.885,2.024,7.348,7.994,2.647,11.691,4.082,1.955,0.99,4.505,6.905,3.64,5.118,5.566,0.961,5.497,1.429,7.025,6.674,6.015,4.256,1.592,1.749,1.601,6.774,3.678,4.327,4.956,1.856,4.008,4.557,13.319,1.377,0.625,5.545,1.995,3.574
1/1/24,2.522,4.111,3.353,3.221,4.053,3.654,3.975,0.975,3.766,5.019,0.613,1.56,6.389,2.214,4.412,6.124,10.686,5.03,7.255,0.173,0.554,6.737,2.033,7.268,8.106,2.631,11.637,4.086,1.987,1,4.659,6.918,3.606,5.093,5.475,0.978,5.532,1.452,7.001,6.778,5.903,4.236,1.589,1.762,1.55,6.614,3.65,4.534,4.904,1.825,3.958,4.524,13.345,1.425,0.617,5.724,2.146,3.658
2/1/24,2.996,4.214,3.486,3.359,4.162,3.774,4.077,0.984,3.828,5.248,0.581,1.623,6.41,2.245,4.517,6.094,10.53,5.132,7.513,0.173,0.558,6.71,2.006,7.351,7.883,2.604,11.716,4.105,1.951,1.001,4.634,6.969,3.564,5.213,5.479,0.971,5.666,1.465,6.839,6.651,5.885,4.157,1.625,1.772,1.532,6.56,3.634,4.4,4.769,1.752,3.94,4.377,13.391,1.432,0.625,5.726,2.132,3.049
3/1/24,2.992,4.259,3.707,3.581,4.379,3.987,4.085,0.984,3.774,5.145,0.573,1.611,6.572,2.282,4.475,5.964,10.594,5.132,7.362,0.174,0.565,6.974,1.997,7.395,8.031,2.585,11.537,4.106,1.991,1.014,4.484,7.041,3.679,5.421,5.522,0.972,5.572,1.429,6.991,6.734,5.733,4.256,1.648,1.767,1.516,6.609,3.597,4.333,4.854,1.821,3.893,4.527,13.308,1.42,0.629,5.689,2.044,2.648
4/1/24,2.864,4.278,3.907,3.776,4.604,4.186,4.074,1.006,3.706,5.121,0.593,1.641,6.504,2.277,4.487,6.063,10.745,5.236,7.516,0.173,0.574,6.858,1.998,7.47,8.11,2.625,11.662,4.061,1.953,1.025,4.629,7.244,3.712,5.277,5.561,0.971,5.594,1.375,7.197,6.809,6.196,4.235,1.647,1.776,1.475,6.637,3.622,4.332,4.776,1.815,3.868,4.511,13.662,1.422,0.626,5.51,1.962,2.52
5/1/24,2.699,4.194,3.885,3.755,4.58,4.168,3.943,1.001,3.694,5.124,0.563,1.656,6.629,2.236,4.575,5.991,10.734,5.148,7.531,0.175,0.57,6.987,1.971,7.47,8.247,2.749,11.558,4.118,2.013,1.002,4.589,7.026,3.764,5.331,5.603,0.964,5.668,1.369,7.229,6.847,6,4.391,1.703,1.775,1.545,6.818,3.543,4.545,4.819,1.833,3.864,4.634,13.861,1.377,0.622,5.551,1.859,2.259
6/1/24,2.715,4.258,3.729,3.601,4.413,4.014,3.831,1.004,3.576,5.017,0.564,1.671,6.566,2.021,4.562,6.253,10.635,5.472,7.649,0.178,0.575,6.879,1.973,7.472,7.927,2.775,11.465,4.046,2.007,1.018,4.696,7.281,3.645,5.364,5.712,0.993,5.567,1.407,7.239,6.893,6.137,4.397,1.681,1.772,1.582,6.827,3.703,4.616,4.943,1.771,3.956,4.589,13.876,1.435,0.625,5.537,1.843,2.059
7/1/24,,,,,,,,,,,,,,,,,,,,,,,,,,,,,,,,,,,,,,,,,,,,,,,,,,,,,,,,,,
8/1/24,,,,,,,,,,,,,,,,,,,,,,,,,,,,,,,,,,,,,,,,,,,,,,,,,,,,,,,,,,
9/1/24,,,,,,,,,,,,,,,,,,,,,,,,,,,,,,,,,,,,,,,,,,,,,,,,,,,,,,,,,,
10/1/24,,,,,,,,,,,,,,,,,,,,,,,,,,,,,,,,,,,,,,,,,,,,,,,,,,,,,,,,,,
11/1/24,,,,,,,,,,,,,,,,,,,,,,,,,,,,,,,,,,,,,,,,,,,,,,,,,,,,,,,,,,
12/1/24,,,,,,,,,,,,,,,,,,,,,,,,,,,,,,,,,,,,,,,,,,,,,,,,,,,,,,,,,,
